,url_length,content_length,mal,charsets,server,special_chars
0,16,-1,1,-1,-1,3
1,35,-1,0,-1,-1,5
2,31,-1,0,-1,-1,5
3,88,-1,1,-1,-1,18
4,235,-1,1,-1,-1,14
5,118,-1,0,-1,-1,24
6,45,-1,0,-1,-1,10
7,46,-1,0,-1,-1,6
8,44,-1,1,-1,-1,7
9,45,-1,0,-1,-1,7
10,62,-1,0,-1,-1,8
11,64,-1,1,-1,-1,10
12,30,-1,0,-1,-1,4
13,61,-1,1,-1,-1,10
14,51,-1,1,-1,-1,9
15,48,-1,1,-1,-1,6
16,44,-1,0,-1,-1,7
17,52,-1,0,-1,-1,7
18,46,-1,0,-1,-1,8
19,34,41817,1,['utf-8'],Microsoft-IIS/8.5,8
20,48,-1,0,-1,-1,6
21,42,-1,1,-1,-1,6
22,35,-1,0,-1,-1,6
23,83,-1,0,-1,-1,13
24,33,-1,0,-1,-1,4
25,33,-1,0,-1,-1,5
26,30,-1,0,-1,-1,4
27,85,-1,0,-1,-1,15
28,71,-1,1,-1,-1,8
29,34,-1,0,-1,-1,5
30,81,-1,0,-1,-1,14
31,53,-1,0,-1,-1,7
32,38,-1,0,-1,-1,5
33,33,-1,0,-1,-1,3
34,64,-1,0,-1,-1,10
35,102,-1,1,-1,-1,17
36,48,-1,0,-1,-1,9
37,29,-1,0,-1,-1,4
38,67,428,1,['utf-8'],,13
39,44,-1,1,-1,-1,9
40,87,,1,['utf-8'],GSE,9
41,34,-1,0,-1,-1,4
42,36,-1,0,-1,-1,4
43,99,-1,0,-1,-1,14
44,15,-1,0,-1,-1,2
45,27,-1,0,-1,-1,2
46,82,-1,1,-1,-1,12
47,29,-1,0,-1,-1,5
48,31,-1,0,-1,-1,4
49,129,,0,['ms949'],,19
50,100,-1,1,-1,-1,21
51,49,196523,1,[None],Apache,8
52,31,-1,0,-1,-1,3
53,46,-1,0,-1,-1,8
54,7,-1,0,-1,-1,2
55,91,-1,0,-1,-1,12
56,43,-1,0,-1,-1,7
57,18,-1,0,-1,-1,2
58,121,-1,0,-1,-1,16
59,47,-1,0,-1,-1,6
60,32,-1,1,-1,-1,8
61,172,-1,1,-1,-1,38
62,24,-1,0,-1,-1,4
63,29,-1,0,-1,-1,3
64,19,-1,0,-1,-1,2
65,44,-1,1,-1,-1,8
66,39,-1,1,-1,-1,8
67,50,-1,0,-1,-1,8
68,55,-1,1,-1,-1,12
69,29,-1,0,-1,-1,5
70,32,-1,0,-1,-1,4
71,30,-1,0,-1,-1,3
72,20,-1,1,-1,-1,1
73,33,-1,0,-1,-1,5
74,38,-1,0,-1,-1,5
75,40,-1,0,-1,-1,7
76,67,-1,0,-1,-1,8
77,120,-1,0,-1,-1,14
78,112,-1,0,-1,-1,15
79,50,-1,0,-1,-1,7
80,66,-1,1,-1,-1,11
81,65,-1,0,-1,-1,7
82,31,-1,0,-1,-1,4
83,21,-1,0,-1,-1,3
84,104,-1,0,-1,-1,23
85,58,-1,0,-1,-1,10
86,60,-1,1,-1,-1,9
87,153,-1,1,-1,-1,17
88,36,-1,0,-1,-1,5
89,22,-1,0,-1,-1,3
90,65,,1,['utf-8'],nginx,12
91,229,-1,0,-1,-1,77
92,69,-1,0,-1,-1,11
93,54,-1,0,-1,-1,8
94,19,-1,1,-1,-1,2
95,98,,0,['utf-8'],nginx,15
96,73,-1,1,-1,-1,13
97,33,-1,0,-1,-1,5
98,107,-1,0,-1,-1,16
99,80,232421,1,['utf-8'],Apache,15
100,22,-1,0,-1,-1,3
101,50,-1,1,-1,-1,9
102,112,-1,0,-1,-1,19
103,41,-1,0,-1,-1,7
104,79,-1,1,-1,-1,13
105,27,-1,1,-1,-1,2
106,113,-1,1,-1,-1,16
107,23,-1,0,-1,-1,2
108,14,-1,0,-1,-1,2
109,38,-1,0,-1,-1,5
110,150,-1,0,-1,-1,25
111,89,-1,1,-1,-1,16
112,13,-1,0,-1,-1,2
113,41,-1,0,-1,-1,5
114,119,-1,0,-1,-1,17
115,81,1101,1,-1,-1,27
116,84,-1,0,-1,-1,14
117,50,-1,1,-1,-1,10
118,76,-1,0,-1,-1,12
119,25,-1,0,-1,-1,2
120,80,-1,0,-1,-1,9
121,52,-1,0,-1,-1,7
122,23,-1,0,-1,-1,3
123,47,-1,0,-1,-1,8
124,92,,1,['utf-8'],gogogadgeto-server,17
125,52,-1,0,-1,-1,6
126,22,-1,1,-1,-1,2
127,85,-1,0,-1,-1,19
128,58,-1,0,-1,-1,9
129,290,,0,['utf-8'],tsa_b,82
130,136,127943,0,['utf-8'],,20
131,87,-1,0,-1,-1,14
132,53,-1,1,-1,-1,10
133,46,-1,0,-1,-1,7
134,31,-1,0,-1,-1,3
135,41,-1,0,-1,-1,6
136,44,-1,0,-1,-1,6
137,81,-1,1,-1,-1,16
138,77,-1,0,-1,-1,8
139,63,-1,1,-1,-1,10
140,108,,0,['utf-8'],cloudflare,16
141,49,-1,0,-1,-1,5
142,63,-1,0,-1,-1,6
143,52,-1,0,-1,-1,7
144,41,-1,0,-1,-1,6
145,53,-1,0,-1,-1,8
146,86,-1,1,-1,-1,15
147,83,,1,['utf-8'],nginx/1.18.0,17
148,42,-1,0,-1,-1,5
149,27,-1,0,-1,-1,4
150,72,-1,0,-1,-1,11
151,98,222702,0,['utf-8'],,17
152,79,-1,0,-1,-1,7
153,21,-1,0,-1,-1,2
154,33,-1,0,-1,-1,5
155,20,-1,0,-1,-1,3
156,63,-1,1,['utf-8'],,21
157,25,-1,0,-1,-1,3
158,15,-1,1,-1,-1,1
159,73,-1,0,-1,-1,12
160,88,-1,0,-1,-1,17
161,72,-1,0,-1,-1,14
162,230,,1,['utf-8'],Apache,33
163,58,-1,1,-1,-1,8
164,31,-1,0,-1,-1,7
165,20,-1,0,-1,-1,2
166,106,,1,['utf-8'],LiteSpeed,22
167,30,-1,1,-1,-1,1
168,124,-1,1,-1,-1,22
169,49,-1,1,-1,-1,8
170,58,-1,0,-1,-1,10
171,53,-1,0,-1,-1,6
172,96,-1,0,-1,-1,14
173,66,-1,0,-1,-1,10
174,41,-1,0,-1,-1,5
175,14,-1,0,-1,-1,2
176,79,-1,0,-1,-1,12
177,34,-1,0,-1,-1,5
178,75,-1,0,-1,-1,14
179,28,-1,0,-1,-1,3
180,114,159391,0,['utf-8'],,20
181,62,-1,0,-1,-1,9
182,85,-1,0,-1,-1,13
183,35,-1,0,-1,-1,6
184,36,-1,0,-1,-1,5
185,26,-1,0,-1,-1,2
186,12,-1,0,-1,-1,2
187,69,-1,1,-1,-1,9
188,51,-1,0,-1,-1,8
189,79,-1,1,-1,-1,14
190,52,-1,0,-1,-1,10
191,77,-1,0,-1,-1,11
192,22,-1,0,-1,-1,4
193,77,-1,1,-1,-1,15
194,45,-1,0,-1,-1,6
195,43,-1,0,-1,-1,6
196,47,-1,0,-1,-1,6
197,54,-1,0,-1,-1,7
198,26,-1,1,-1,-1,2
199,30,-1,1,-1,-1,6
200,47,-1,0,-1,-1,8
201,26,-1,0,-1,-1,3
202,35,-1,0,-1,-1,5
203,67,-1,0,-1,-1,12
204,31,-1,0,-1,-1,4
205,33,-1,0,-1,-1,5
206,48,-1,0,-1,-1,7
207,91,-1,0,-1,-1,18
208,36,-1,0,-1,-1,4
209,69,-1,0,-1,-1,9
210,64,-1,0,-1,-1,11
211,33,-1,0,-1,-1,4
212,99,-1,1,-1,-1,33
213,96,-1,1,-1,-1,19
214,56,-1,0,-1,-1,6
215,53,,1,['utf-8'],nginx,8
216,26,-1,0,-1,-1,2
217,50,-1,0,-1,-1,9
218,81,-1,0,-1,-1,12
219,9,-1,0,-1,-1,2
220,71,-1,0,-1,-1,7
221,113,76829,0,['utf-8'],nginx,21
222,43,-1,0,-1,-1,6
223,58,-1,0,-1,-1,9
224,97,-1,0,-1,-1,14
225,99,-1,0,-1,-1,15
226,73,-1,0,-1,-1,12
227,35,-1,0,-1,-1,3
228,36,-1,0,-1,-1,4
229,142,-1,0,-1,-1,29
230,57,-1,0,-1,-1,8
231,41,-1,0,-1,-1,6
232,28,-1,1,-1,-1,3
233,25,-1,0,-1,-1,5
234,13,-1,1,-1,-1,1
235,35,-1,0,-1,-1,6
236,83,-1,0,-1,-1,13
237,93,-1,0,-1,-1,19
238,73,-1,1,-1,-1,9
239,20,-1,0,-1,-1,3
240,81,4542,1,[None],nginx,23
241,35,-1,0,-1,-1,5
242,28,-1,0,-1,-1,4
243,81,-1,1,-1,,27
244,65,-1,0,-1,-1,12
245,105,-1,0,-1,-1,16
246,27,-1,1,-1,-1,3
247,92,-1,0,-1,-1,12
248,60,-1,0,-1,-1,9
249,17,-1,0,-1,-1,2
250,99,-1,0,-1,-1,11
251,59,-1,1,-1,-1,13
252,30,-1,0,-1,-1,4
253,112,,1,['utf-8'],nginx,22
254,50,-1,0,-1,-1,6
255,109,-1,1,-1,-1,22
256,118,-1,1,-1,-1,15
257,131,-1,0,-1,-1,20
258,63,-1,0,-1,-1,9
259,32,-1,0,-1,-1,4
260,102,-1,1,-1,-1,17
261,163,-1,0,-1,-1,30
262,68,-1,0,-1,-1,12
263,58,-1,1,-1,-1,12
264,47,-1,0,-1,-1,6
265,38,-1,0,-1,-1,8
266,61,-1,0,-1,-1,9
267,37,-1,0,-1,-1,3
268,64,-1,0,-1,-1,9
269,45,-1,0,-1,-1,7
270,67,-1,0,-1,-1,9
271,51,-1,0,-1,-1,7
272,39,-1,0,-1,-1,6
273,38,-1,0,-1,-1,5
274,13,-1,0,-1,-1,2
275,63,-1,1,-1,-1,12
276,35,-1,0,-1,-1,7
277,17,-1,0,-1,-1,2
278,34,-1,0,-1,-1,5
279,103,,1,['utf-8'],,17
280,54,-1,0,-1,-1,7
281,74,-1,0,-1,-1,12
282,72,-1,1,-1,-1,10
283,45,-1,0,-1,-1,6
284,80,-1,1,-1,-1,19
285,61,-1,1,-1,-1,11
286,67,18426,1,['none'],Apache,12
287,75,-1,1,-1,-1,14
288,34,-1,0,-1,-1,4
289,65,,1,['utf-8'],Apache,13
290,64,-1,0,-1,-1,7
291,60,-1,0,-1,-1,8
292,19,-1,0,-1,-1,4
293,69,-1,0,-1,-1,10
294,40,-1,0,-1,-1,7
295,49,-1,0,-1,-1,7
296,22,-1,0,-1,-1,3
297,94,-1,1,-1,-1,19
298,38,-1,1,-1,-1,8
299,92,-1,0,-1,-1,16
300,13,-1,0,-1,-1,2
301,65,-1,1,-1,-1,10
302,121,-1,1,-1,-1,20
303,59,-1,0,-1,-1,9
304,31,-1,0,-1,-1,4
305,45,-1,0,-1,-1,6
306,34,-1,1,-1,-1,7
307,71,-1,1,-1,-1,14
308,54,-1,0,-1,-1,7
309,32,-1,0,-1,-1,6
310,30,-1,0,-1,-1,5
311,57,-1,0,-1,-1,7
312,41,-1,0,-1,-1,4
313,35,-1,0,-1,-1,4
314,23,-1,0,-1,-1,3
315,121,673806,0,['utf-8'],openresty/1.21.4.1,11
316,31,-1,0,-1,-1,4
317,13,-1,0,-1,-1,2
318,13,-1,0,-1,-1,2
319,45,-1,0,-1,-1,5
320,150,-1,0,-1,-1,22
321,63,-1,0,-1,-1,9
322,13,-1,0,-1,-1,2
323,81,-1,0,-1,-1,6
324,121,-1,0,-1,-1,23
325,77,-1,1,-1,-1,15
326,49,-1,0,-1,-1,7
327,66,-1,0,-1,-1,9
328,28,-1,0,-1,-1,5
329,98,-1,1,-1,-1,19
330,45,-1,0,-1,-1,5
331,103,-1,1,-1,-1,15
332,75,-1,0,-1,-1,9
333,86,-1,0,-1,-1,16
334,34,-1,0,-1,-1,5
335,69,-1,0,-1,-1,7
336,83,-1,1,-1,-1,17
337,98,,1,['utf-8'],Apache/2,20
338,49,-1,0,-1,-1,7
339,81,1101,1,['utf-8'],,27
340,122,-1,0,-1,-1,26
341,96,-1,0,-1,-1,13
342,36,-1,0,-1,-1,6
343,18,-1,1,-1,-1,2
344,17,-1,0,-1,-1,2
345,58,-1,0,-1,-1,8
346,24,-1,0,-1,-1,4
347,34,-1,0,-1,-1,5
348,47,-1,0,-1,-1,8
349,20,-1,1,-1,-1,2
350,54,-1,0,-1,-1,11
351,88,90431,0,['utf-8'],Universe,19
352,85,,0,['windows-1251'],ddos-guard,27
353,85,-1,1,-1,-1,17
354,50,8,1,['utf-8'],gunicorn/0.17.2,10
355,39,-1,1,-1,-1,8
356,44,-1,0,-1,-1,5
357,16,-1,0,-1,-1,2
358,54,-1,0,-1,-1,6
359,17,-1,0,-1,-1,2
360,29,-1,0,-1,-1,5
361,50,-1,0,-1,-1,7
362,16,-1,0,-1,-1,2
363,60,-1,1,-1,-1,11
364,112,-1,0,-1,-1,23
365,68,-1,1,-1,-1,14
366,18,-1,0,-1,-1,2
367,39,-1,0,-1,-1,7
368,52,-1,0,-1,-1,8
369,47,-1,1,-1,-1,9
370,38,-1,0,-1,-1,6
371,72,-1,1,-1,,24
372,12,-1,0,-1,-1,2
373,29,-1,0,-1,-1,5
374,37,-1,0,-1,-1,3
375,39,-1,0,-1,-1,2
376,26,-1,0,-1,-1,3
377,39,-1,0,-1,-1,4
378,50,-1,0,-1,-1,8
379,17,-1,1,-1,-1,1
380,175,-1,1,-1,-1,30
381,27,-1,0,-1,-1,6
382,56,-1,0,-1,-1,8
383,77,-1,0,-1,-1,11
384,45,,1,['utf-8'],Apache/2,9
385,14,-1,0,-1,-1,3
386,164,-1,1,-1,-1,11
387,45,-1,0,-1,-1,5
388,78,-1,1,-1,-1,16
389,37,-1,0,-1,-1,4
390,55,-1,0,-1,-1,6
391,88,318841,0,['utf-8'],,16
392,13,-1,0,-1,-1,2
393,53,-1,1,-1,-1,9
394,69,-1,0,-1,-1,12
395,32,-1,0,-1,-1,6
396,103,100454,0,['utf-8'],nginx,20
397,41,-1,0,-1,-1,7
398,19,-1,0,-1,-1,2
399,90,-1,0,-1,-1,12
400,22,-1,0,-1,-1,3
401,38,-1,0,-1,-1,7
402,208,-1,1,-1,-1,15
403,102,-1,1,-1,-1,16
404,19,-1,1,-1,-1,2
405,36,-1,0,-1,-1,5
406,82,,1,['iso-8859-15'],Apache/2.4.56 (Debian),16
407,99,,1,['utf-8'],Apache,18
408,53,-1,1,-1,-1,11
409,25,-1,0,-1,-1,5
410,54,-1,0,-1,-1,7
411,130,-1,0,-1,-1,21
412,33,-1,0,-1,-1,4
413,51,-1,0,-1,-1,6
414,31,-1,0,-1,-1,3
415,52,-1,0,-1,-1,7
416,50,-1,0,-1,-1,8
417,94,-1,0,-1,-1,15
418,61,-1,0,-1,-1,9
419,24,-1,0,-1,-1,4
420,16,-1,0,-1,-1,4
421,62,-1,0,-1,-1,8
422,33,-1,1,-1,-1,9
423,95,-1,0,-1,-1,12
424,31,-1,0,-1,-1,3
425,41,0,1,[None],Apache,8
426,21,-1,0,-1,-1,2
427,69,-1,1,-1,-1,12
428,40,-1,0,-1,-1,4
429,21,-1,0,-1,-1,3
430,23,-1,1,-1,-1,2
431,35,-1,0,-1,-1,6
432,37,-1,0,-1,-1,5
433,16,-1,0,-1,-1,2
434,40,-1,0,-1,-1,5
435,23,-1,0,-1,-1,3
436,54,-1,0,-1,-1,7
437,55,-1,0,-1,-1,6
438,44,-1,0,-1,-1,6
439,86,,0,['utf-8'],nginx,15
440,76,-1,1,-1,-1,12
441,146,-1,0,-1,-1,20
442,73,-1,0,-1,-1,13
443,46,-1,0,-1,-1,8
444,73,-1,0,-1,-1,11
445,123,-1,1,-1,-1,21
446,22,-1,0,-1,-1,3
447,59,-1,0,-1,-1,9
448,37,-1,0,-1,-1,7
449,81,-1,1,-1,-1,16
450,99,-1,1,['utf-8'],,33
451,31,-1,0,-1,-1,4
452,51,-1,1,-1,-1,10
453,34,-1,0,-1,-1,5
454,71,-1,0,-1,-1,10
455,54,-1,0,-1,-1,4
456,54,-1,0,-1,-1,9
457,51,-1,0,-1,-1,7
458,41,-1,0,-1,-1,5
459,87,140018,0,['utf-8'],,14
460,37,-1,0,-1,-1,6
461,69,-1,0,-1,-1,9
462,45,-1,1,-1,-1,10
463,69,-1,0,-1,-1,7
464,79,-1,0,-1,-1,17
465,70,-1,0,-1,-1,9
466,18,-1,0,-1,-1,2
467,33,-1,0,-1,-1,5
468,121,-1,1,-1,-1,23
469,79,-1,1,-1,-1,12
470,31,-1,0,-1,-1,4
471,15,-1,1,-1,-1,1
472,98,-1,1,-1,-1,17
473,11,-1,1,-1,-1,1
474,48,-1,0,-1,-1,9
475,23,-1,0,-1,-1,2
476,38,-1,0,-1,-1,7
477,47,-1,0,-1,-1,5
478,126,1361,1,['utf-8'],,20
479,75,-1,0,-1,-1,9
480,21,-1,0,-1,-1,3
481,116,-1,0,-1,-1,14
482,42,-1,0,-1,-1,6
483,118,-1,0,-1,-1,17
484,11,-1,0,-1,-1,2
485,59,,1,['utf-8'],openresty,10
486,23,-1,0,-1,-1,3
487,65,-1,0,-1,-1,13
488,23,-1,0,-1,-1,2
489,39,-1,0,-1,-1,6
490,38,-1,0,-1,-1,5
491,113,-1,0,-1,-1,19
492,74,-1,0,-1,-1,14
493,84,1105,1,-1,-1,28
494,34,-1,0,-1,-1,5
495,34,-1,0,-1,-1,5
496,14,-1,0,-1,-1,2
497,11,-1,1,-1,-1,1
498,31,-1,0,-1,-1,4
499,39,-1,0,-1,-1,5
500,13,-1,0,-1,-1,2
501,71,-1,1,-1,-1,13
502,25,-1,1,-1,-1,3
503,132,-1,0,-1,-1,19
504,17,-1,0,-1,-1,3
505,29,-1,0,-1,-1,4
506,39,-1,0,-1,-1,7
507,103,-1,0,-1,-1,13
508,81,-1,0,-1,-1,11
509,46,-1,1,-1,-1,8
538,74,-1,0,-1,-1,11
539,77,-1,0,-1,-1,9
540,65,-1,0,-1,-1,7
541,57,-1,0,-1,-1,6
542,64,-1,0,-1,-1,9
543,43,-1,0,-1,-1,7
544,148,-1,1,-1,-1,26
545,124,-1,1,-1,-1,24
546,73,-1,0,-1,-1,11
547,43,-1,0,-1,-1,5
548,83,-1,1,-1,-1,14
549,50,-1,1,-1,-1,6
550,132,-1,1,-1,-1,22
551,72,-1,0,-1,-1,13
552,26,-1,0,-1,-1,4
553,33,-1,0,-1,-1,5
554,54,-1,0,-1,-1,8
555,97,-1,0,-1,-1,13
556,18,-1,0,-1,-1,2
557,150,-1,0,-1,-1,18
558,50,-1,0,-1,-1,11
559,36,-1,0,-1,-1,6
560,19,-1,0,-1,-1,2
561,83,-1,1,-1,-1,15
562,23,-1,1,-1,-1,3
563,36,-1,0,-1,-1,7
564,20,-1,0,-1,-1,2
565,45,-1,0,-1,-1,6
566,63,-1,0,-1,-1,11
567,129,-1,1,-1,-1,31
568,23,-1,0,-1,-1,3
569,44,-1,0,-1,-1,5
570,62,-1,0,-1,-1,8
571,83,-1,1,-1,-1,15
572,106,-1,1,-1,-1,22
573,79,-1,0,-1,-1,15
574,96,-1,0,-1,-1,12
575,18,-1,0,-1,-1,2
576,36,-1,1,-1,-1,2
577,48,-1,1,-1,-1,8
578,50,-1,0,-1,-1,8
579,53,-1,0,-1,-1,8
580,31,-1,0,-1,-1,4
581,54,-1,0,-1,-1,7
582,25,-1,0,-1,-1,4
583,41,-1,0,-1,-1,7
584,76,-1,1,-1,-1,11
585,43,-1,1,-1,-1,9
586,61,-1,0,-1,-1,10
587,31,-1,0,-1,-1,4
588,69,-1,1,-1,-1,12
589,96,-1,1,-1,-1,19
590,63,-1,0,-1,-1,14
591,77,-1,0,-1,-1,9
592,39,-1,0,-1,-1,4
593,17,-1,0,-1,-1,2
594,24,-1,0,-1,-1,4
595,38,-1,0,-1,-1,4
596,111,,0,['utf-8'],Apache,17
597,25,-1,0,-1,-1,2
598,67,-1,0,-1,-1,11
599,25,-1,1,-1,-1,6
600,59,-1,0,-1,-1,10
601,35,-1,0,-1,-1,5
602,45,-1,1,-1,-1,10
603,51,-1,0,-1,-1,7
604,39,-1,0,-1,-1,4
605,70,-1,0,-1,-1,10
606,39,-1,0,-1,-1,5
607,36,-1,0,-1,-1,5
608,87,-1,0,-1,-1,14
609,27,-1,0,-1,-1,5
610,45,-1,0,-1,-1,5
611,17,-1,0,-1,-1,2
612,86,117813,0,['shift_jis'],,16
613,120,-1,0,-1,-1,21
614,93,,1,['utf-8'],Apache,17
615,33,-1,0,-1,-1,5
616,46,-1,0,-1,-1,6
617,91,-1,0,-1,-1,15
618,68,-1,0,-1,-1,14
619,44,-1,0,-1,-1,8
620,151,-1,0,-1,-1,25
621,21,-1,0,-1,-1,3
622,69,-1,1,-1,-1,14
623,25,-1,0,-1,-1,3
624,126,-1,1,-1,-1,21
625,34,-1,1,-1,-1,7
626,56,-1,0,-1,-1,7
627,32,-1,1,-1,-1,8
628,135,-1,0,-1,-1,23
629,35,-1,0,-1,-1,5
630,57,-1,0,-1,-1,8
631,43,-1,0,-1,-1,4
632,36,-1,0,-1,-1,5
633,64,,1,['utf-8'],nginx,13
634,68,-1,0,-1,-1,11
635,62,-1,0,-1,-1,8
636,35,-1,0,-1,-1,4
637,30,-1,0,-1,-1,5
638,93,-1,0,-1,-1,20
639,38,-1,0,-1,-1,4
640,27,-1,0,-1,-1,3
641,156,-1,1,-1,-1,29
642,74,-1,0,-1,-1,10
643,16,-1,0,-1,-1,2
644,67,-1,0,-1,-1,7
645,146,-1,0,-1,-1,19
646,46,-1,1,-1,-1,10
647,33,-1,0,-1,-1,5
648,87,-1,1,-1,-1,17
649,35,-1,0,-1,-1,4
650,39,-1,0,-1,-1,7
651,49,-1,0,-1,-1,8
652,12,-1,0,-1,-1,2
653,74,-1,0,-1,-1,12
654,57,-1,1,-1,-1,13
655,32,-1,1,-1,-1,7
656,43,-1,1,-1,-1,9
657,112,-1,0,-1,-1,18
658,35,-1,0,-1,-1,5
659,27,-1,0,-1,-1,4
660,63,-1,1,-1,-1,11
661,25,-1,1,-1,-1,6
662,165,-1,0,-1,-1,26
663,131,-1,1,-1,-1,24
664,67,-1,0,-1,-1,11
665,81,-1,1,-1,-1,15
666,22,-1,0,-1,-1,3
667,36,-1,0,-1,-1,4
668,25,-1,1,-1,-1,1
669,103,,1,['utf-8'],nginx/1.14.0 (Ubuntu),17
670,44,-1,0,-1,-1,5
671,36,-1,0,-1,-1,5
672,42,-1,0,-1,-1,4
673,87,-1,0,-1,-1,14
674,19,-1,1,-1,-1,2
675,119,,1,['utf-8'],nginx,15
676,40,-1,0,-1,-1,7
677,58,-1,0,-1,-1,6
678,13,-1,0,-1,-1,2
679,58,-1,1,-1,-1,12
680,131,-1,1,-1,-1,16
681,94,-1,0,-1,-1,30
682,220,-1,1,-1,-1,16
683,44,-1,0,-1,-1,7
684,68,-1,0,-1,-1,11
685,45,-1,0,-1,-1,7
686,31,-1,0,-1,-1,4
687,64,-1,0,-1,-1,8
688,179,-1,1,-1,-1,28
689,60,-1,0,-1,-1,10
690,101,-1,0,-1,-1,27
691,31,-1,0,-1,-1,4
692,23,-1,1,-1,-1,1
693,18,-1,0,-1,-1,3
694,64,-1,0,-1,-1,9
695,58,-1,0,-1,-1,7
696,116,-1,0,-1,-1,20
697,48,-1,1,-1,-1,9
698,112,-1,0,-1,-1,21
699,110,-1,1,-1,-1,15
700,42,-1,0,-1,-1,6
701,58,-1,0,-1,-1,9
702,27,-1,0,-1,-1,3
703,91,,1,['utf-8'],Apache/2.4.6,12
704,32,-1,0,-1,-1,4
705,45,-1,0,-1,-1,8
706,22,-1,0,-1,-1,2
707,102,-1,1,-1,-1,17
708,73,-1,1,-1,-1,11
709,16,-1,0,-1,-1,2
710,26,-1,0,-1,-1,4
711,75,-1,0,-1,-1,12
712,24,-1,0,-1,-1,4
713,23,-1,0,-1,-1,3
714,104,-1,1,-1,-1,23
715,20,-1,1,-1,-1,2
716,32,-1,0,-1,-1,4
717,72,,1,['utf-8'],nginx,17
718,65,-1,0,-1,-1,9
719,32,-1,0,-1,-1,4
720,24,-1,0,-1,-1,4
721,45,-1,1,-1,-1,9
722,70,-1,1,-1,-1,14
723,104,-1,0,-1,-1,15
724,71,-1,0,-1,-1,11
725,47,-1,1,-1,-1,6
726,38,-1,0,-1,-1,6
727,25,-1,0,-1,-1,4
728,127,-1,1,-1,-1,20
729,67,-1,0,-1,-1,8
730,18,-1,1,-1,-1,1
731,58,-1,0,-1,-1,9
732,19,-1,0,-1,-1,2
733,41,-1,0,-1,-1,6
734,87,-1,1,-1,-1,15
735,78,-1,0,-1,-1,10
736,43,-1,0,-1,-1,5
737,38,-1,0,-1,-1,6
738,64,-1,1,-1,-1,11
739,35,-1,0,-1,-1,4
740,108,-1,1,-1,-1,16
741,28,-1,0,-1,-1,4
742,16,-1,1,-1,-1,1
743,51,-1,0,-1,-1,8
744,12,-1,1,-1,-1,2
745,27,-1,0,-1,-1,3
746,17,-1,0,-1,-1,2
747,38,-1,0,-1,-1,3
748,25,-1,0,-1,-1,5
749,119,-1,0,-1,-1,21
750,54,-1,0,-1,-1,8
751,98,-1,0,-1,-1,14
752,87,-1,0,-1,-1,16
753,19,-1,0,-1,-1,3
754,87,-1,0,-1,-1,13
755,65,-1,0,-1,-1,7
756,23,-1,0,-1,-1,2
757,36,-1,0,-1,-1,5
758,31,-1,0,-1,-1,4
759,52,-1,0,-1,-1,9
760,104,-1,0,-1,-1,15
761,45,-1,0,-1,-1,4
762,57,-1,0,-1,-1,9
763,90,-1,0,-1,-1,15
764,26,-1,0,-1,-1,2
765,42,-1,0,-1,-1,5
766,39,-1,1,-1,-1,2
767,53,-1,0,-1,-1,6
768,35,-1,1,-1,-1,6
769,75,-1,0,-1,-1,12
770,43,-1,0,-1,-1,5
771,60,-1,0,-1,-1,8
772,108,200518,0,['utf-8'],nginx,19
773,71,-1,0,-1,-1,8
774,24,-1,1,-1,-1,2
775,56,-1,0,-1,-1,7
776,59,-1,0,-1,-1,8
777,79,-1,0,-1,-1,13
778,86,-1,1,-1,-1,14
779,41,-1,0,-1,-1,7
780,15,-1,1,-1,-1,1
781,39,-1,0,-1,-1,5
782,99,-1,1,['utf-8'],-1,33
783,15,-1,0,-1,-1,2
784,25,-1,0,-1,-1,5
785,29,-1,0,-1,-1,3
786,34,-1,0,-1,-1,5
787,89,-1,0,-1,-1,15
788,60,-1,0,-1,-1,10
789,64,-1,0,-1,-1,9
790,139,-1,1,-1,-1,25
791,70,-1,1,-1,-1,11
792,95,-1,0,-1,-1,13
793,23,-1,1,-1,-1,2
794,68,-1,1,-1,-1,14
795,37,,1,['utf-8'],GSE,6
796,25,-1,0,-1,-1,3
797,41,-1,0,-1,-1,6
798,30,-1,0,-1,-1,3
799,20,-1,0,-1,-1,4
800,15,-1,0,-1,-1,2
801,35,-1,0,-1,-1,5
802,25,-1,0,-1,-1,4
803,78,-1,0,-1,-1,11
804,9,-1,0,-1,-1,2
805,38,-1,0,-1,-1,5
806,56,-1,0,-1,-1,6
807,120,-1,0,-1,-1,19
808,28,-1,0,-1,-1,3
809,134,200000,1,[None],Apache,19
810,104,-1,0,-1,-1,23
811,69,-1,1,-1,-1,13
812,27,-1,0,-1,-1,6
813,289,,0,['utf-8'],tsa_b,82
814,32,-1,0,-1,-1,3
815,89,64206,0,['utf-8'],MerlinCDN,16
816,81,-1,0,-1,-1,6
817,108,125234,0,['utf-8'],,16
818,65,-1,0,-1,-1,6
819,88,-1,1,-1,-1,11
820,33,-1,0,-1,-1,5
821,44,-1,1,-1,-1,7
822,31,-1,0,-1,-1,4
823,27,-1,0,-1,-1,5
824,37,-1,0,-1,-1,7
825,107,1337,0,-1,-1,25
826,33,-1,0,-1,-1,6
827,72,-1,0,-1,-1,12
828,22,-1,0,-1,-1,4
829,39,-1,1,-1,-1,8
830,97,-1,1,-1,-1,15
831,122,-1,0,-1,-1,18
832,16,-1,0,-1,-1,2
833,76,-1,1,-1,-1,12
834,53,-1,0,-1,-1,8
835,12,-1,0,-1,-1,3
836,54,-1,1,-1,-1,8
837,30,-1,0,-1,-1,4
838,93,-1,0,-1,-1,13
839,22,-1,0,-1,-1,4
840,61,-1,0,-1,-1,7
841,53,-1,1,-1,-1,11
842,49,-1,1,-1,-1,9
843,34,-1,0,-1,-1,3
844,39,-1,0,-1,-1,5
845,59,-1,0,-1,-1,8
846,95,-1,0,-1,-1,16
847,20,-1,0,-1,-1,2
848,92,-1,0,-1,-1,12
849,22,-1,0,-1,-1,2
850,109,-1,0,-1,-1,23
851,49,-1,0,-1,-1,6
852,51,-1,0,-1,-1,7
853,28,-1,0,-1,-1,6
854,57,-1,0,-1,-1,8
855,102,,1,['utf-8'],,17
856,31,-1,0,-1,-1,4
857,89,-1,1,-1,-1,16
858,22,-1,0,-1,-1,4
859,32,-1,0,-1,-1,5
860,14,-1,1,-1,-1,2
861,12,-1,1,-1,-1,1
862,24,-1,0,-1,-1,4
863,49,-1,0,-1,-1,7
864,139,-1,0,-1,-1,19
865,30,-1,0,-1,-1,3
866,51,-1,0,-1,-1,7
867,101,-1,0,-1,-1,15
868,23,-1,0,-1,-1,3
869,18,-1,0,-1,-1,2
870,67,-1,0,-1,-1,10
871,41,-1,0,-1,-1,7
872,49,-1,0,-1,-1,7
873,51,-1,1,-1,-1,9
874,49,-1,1,-1,-1,4
875,62,-1,1,-1,-1,10
876,99,1125,1,-1,,33
877,15,-1,0,-1,-1,3
878,39,-1,0,-1,-1,5
879,17,-1,0,-1,-1,2
880,84,-1,0,-1,-1,12
881,198,-1,1,-1,-1,19
882,54,-1,1,-1,-1,10
883,54,-1,0,-1,-1,8
884,16,-1,1,-1,-1,3
885,152,,1,['utf-8'],,24
886,170,-1,1,-1,-1,31
887,67,,1,['utf-8'],nginx,9
888,59,-1,0,-1,-1,8
889,38,-1,0,-1,-1,5
890,137,-1,0,-1,-1,19
891,47,-1,1,-1,-1,10
892,90,-1,1,-1,-1,30
893,41,-1,0,-1,-1,6
894,114,-1,0,-1,-1,10
895,73,-1,1,-1,-1,12
896,94,388020,0,['utf-8'],,13
897,34,-1,0,-1,-1,5
898,33,-1,0,-1,-1,4
899,31,-1,0,-1,-1,4
900,71,-1,0,-1,-1,9
901,69,-1,0,-1,-1,12
902,71,-1,0,-1,-1,11
903,83,-1,0,-1,-1,10
904,19,-1,0,-1,-1,2
905,38,-1,0,-1,-1,5
906,29,-1,0,-1,-1,4
907,224,-1,1,-1,-1,17
908,27,-1,0,-1,-1,5
909,26,-1,0,-1,-1,2
910,35,-1,0,-1,-1,7
911,46,-1,0,-1,-1,8
912,18,-1,0,-1,-1,2
913,39,-1,0,-1,-1,6
914,44,-1,1,-1,-1,9
915,278,-1,1,-1,-1,16
916,39,-1,0,-1,-1,6
917,25,-1,0,-1,-1,2
918,56,-1,0,-1,-1,8
919,120,-1,1,-1,-1,14
920,13,-1,1,-1,-1,2
921,91,-1,1,-1,-1,16
922,15,-1,0,-1,-1,2
923,57,-1,0,-1,-1,8
924,93,-1,1,-1,-1,16
925,54,-1,0,-1,-1,6
926,43,-1,0,-1,-1,5
927,18,-1,0,-1,-1,2
932,61,-1,0,-1,-1,7
933,16,-1,0,-1,-1,3
934,89,-1,0,-1,-1,14
935,84,-1,0,-1,-1,19
936,36,-1,1,-1,-1,7
937,48,-1,0,-1,-1,6
938,12,-1,0,-1,-1,2
939,96,-1,1,-1,-1,19
940,41,-1,0,-1,-1,5
941,77,-1,1,-1,-1,16
942,44,-1,0,-1,-1,8
943,25,-1,0,-1,-1,3
944,36,-1,0,-1,-1,5
945,27,-1,0,-1,-1,4
946,52,-1,0,-1,-1,5
947,72,-1,0,-1,-1,11
948,77,-1,1,-1,-1,9
949,52,-1,0,-1,-1,8
950,49,-1,0,-1,-1,8
951,86,-1,1,-1,-1,10
952,53,-1,0,-1,-1,9
953,111,1345,0,-1,-1,25
954,33,-1,0,-1,-1,5
955,62,-1,0,-1,-1,8
956,69,-1,0,-1,-1,8
957,66,-1,0,-1,-1,10
958,81,-1,1,-1,-1,27
959,32,,1,['utf-8'],LiteSpeed,6
960,117,-1,0,-1,-1,11
961,30,-1,0,-1,-1,4
962,22,-1,0,-1,-1,3
963,108,,1,['utf-8'],Apache,22
964,47,-1,0,-1,-1,8
965,46,-1,0,-1,-1,5
966,95,-1,0,-1,-1,18
967,40,-1,0,-1,-1,5
968,37,-1,0,-1,-1,4
969,80,-1,1,-1,-1,13
970,44,-1,0,-1,-1,6
971,38,-1,0,-1,-1,5
972,47,-1,0,-1,-1,7
973,60,-1,1,-1,-1,14
974,141,-1,1,-1,-1,25
975,75,-1,1,-1,-1,15
976,21,-1,0,-1,-1,4
977,93,-1,0,-1,-1,14
978,71,-1,1,-1,-1,9
979,72,-1,0,-1,-1,9
980,70,-1,0,-1,-1,11
981,32,-1,0,-1,-1,4
982,51,-1,0,-1,-1,7
983,44,-1,0,-1,-1,7
984,39,-1,0,-1,-1,5
985,68,-1,0,-1,-1,10
986,103,-1,0,-1,-1,17
987,40,-1,1,-1,-1,7
988,89,-1,1,-1,-1,17
989,81,-1,1,['utf-8'],-1,27
990,50,-1,0,-1,-1,5
991,118,-1,1,-1,-1,12
992,171,-1,0,-1,-1,24
993,104,-1,0,-1,-1,17
994,40,-1,0,-1,-1,8
995,31,-1,0,-1,-1,5
996,109,-1,0,-1,-1,19
997,25,-1,1,-1,-1,6
998,20,-1,0,-1,-1,2
999,16,-1,0,-1,-1,2
1000,33,-1,0,-1,-1,5
1001,71,-1,0,-1,-1,9
1002,51,-1,0,-1,-1,7
1003,93,-1,1,-1,-1,12
1004,169,-1,1,-1,-1,28
1005,104,-1,0,-1,-1,15
1006,31,-1,0,-1,-1,6
1007,18,-1,1,-1,-1,2
1008,25,-1,1,-1,-1,3
1009,31,-1,0,-1,-1,4
1010,25,-1,0,-1,-1,3
1011,127,-1,1,-1,-1,23
1012,29,-1,0,-1,-1,4
1013,109,-1,0,-1,-1,23
1014,44,-1,0,-1,-1,10
1015,31,-1,0,-1,-1,4
1016,24,-1,0,-1,-1,4
1017,123,-1,1,-1,-1,23
1018,31,-1,0,-1,-1,4
1019,63,-1,0,-1,-1,9
1020,120,-1,1,-1,-1,11
1021,21,-1,1,-1,-1,1
1022,33,-1,0,-1,-1,4
1023,20,-1,0,-1,-1,3
1024,124,,0,['utf-8'],,24
1025,14,-1,0,-1,-1,2
1026,61,-1,1,-1,-1,12
1027,38,-1,0,-1,-1,5
1028,90,133750,0,['utf-8'],,15
1029,46,-1,1,-1,-1,8
1030,22,-1,0,-1,-1,3
1031,79,-1,1,-1,-1,12
1032,17,-1,0,-1,-1,2
1033,44,-1,0,-1,-1,6
1034,99,-1,1,-1,-1,18
1035,24,-1,0,-1,-1,4
1036,71,-1,0,-1,-1,9
1037,43,-1,0,-1,-1,6
1038,42,-1,0,-1,-1,6
1039,42,-1,1,-1,-1,9
1040,51,-1,1,-1,-1,9
1041,30,-1,0,-1,-1,6
1042,44,-1,1,-1,-1,11
1043,59,-1,0,-1,-1,8
1044,22,-1,0,-1,-1,2
1045,76,-1,1,-1,-1,9
1046,26,-1,0,-1,-1,5
1047,39,-1,0,-1,-1,4
1048,79,-1,0,-1,-1,9
1049,22,-1,1,-1,-1,1
1050,117,-1,0,-1,-1,18
1051,39,-1,0,-1,-1,5
1052,37,-1,0,-1,-1,6
1053,33,-1,0,-1,-1,6
1054,84,-1,0,-1,-1,10
1055,35,-1,0,-1,-1,5
1056,64,-1,1,-1,-1,11
1057,54,-1,0,-1,-1,8
1058,25,-1,0,-1,-1,2
1059,54,-1,0,-1,-1,8
1060,13,-1,0,-1,-1,2
1061,253,,1,['utf-8'],Apache,15
1062,33,-1,1,-1,-1,7
1063,50,-1,0,-1,-1,8
1064,17,-1,0,-1,-1,2
1065,36,-1,0,-1,-1,4
1066,26,-1,0,-1,-1,4
1067,63,-1,0,-1,-1,9
1068,92,-1,0,-1,-1,15
1069,29,-1,0,-1,-1,4
1070,53,-1,0,-1,-1,7
1071,15,-1,0,-1,-1,2
1072,21,-1,0,-1,-1,4
1073,85,-1,1,-1,-1,14
1074,22,-1,1,-1,-1,2
1075,60,-1,0,-1,-1,6
1076,51,-1,0,-1,-1,9
1077,28,-1,0,-1,-1,3
1078,57,-1,1,-1,-1,7
1079,31,-1,1,-1,-1,6
1080,49,-1,0,-1,-1,5
1081,25,-1,0,-1,-1,4
1082,12,-1,0,-1,-1,2
1083,15,-1,0,-1,-1,3
1084,48,-1,0,-1,-1,8
1085,83,-1,0,-1,-1,12
1086,30,-1,0,-1,-1,3
1087,26,-1,0,-1,-1,3
1088,14,-1,0,-1,-1,2
1089,18,-1,0,-1,-1,2
1090,16,-1,0,-1,-1,3
1091,35,-1,0,-1,-1,4
1092,44,-1,0,-1,-1,5
1093,25,-1,0,-1,-1,4
1094,72,-1,0,-1,-1,11
1095,51,-1,0,-1,-1,6
1096,31,-1,0,-1,-1,4
1097,79,-1,1,-1,-1,16
1098,19,-1,0,-1,-1,3
1099,57,-1,0,-1,-1,8
1100,83,-1,0,-1,-1,16
1101,20,-1,0,-1,-1,2
1102,100,-1,0,-1,-1,17
1103,17,-1,1,-1,-1,2
1104,27,-1,0,-1,-1,4
1105,31,-1,0,-1,-1,3
1106,54,-1,0,-1,-1,10
1107,115,-1,1,-1,-1,25
1108,106,-1,0,-1,-1,18
1109,47,-1,0,-1,-1,6
1110,17,-1,0,-1,-1,2
1111,43,-1,1,-1,-1,8
1112,28,-1,0,-1,-1,3
1113,152,-1,1,-1,-1,26
1114,39,-1,0,-1,-1,7
1115,67,-1,0,-1,-1,8
1116,30,-1,0,-1,-1,3
1117,25,-1,0,-1,-1,2
1118,120,-1,1,-1,-1,21
1119,30,-1,0,-1,-1,5
1120,39,-1,0,-1,-1,6
1121,17,-1,0,-1,-1,2
1122,17,-1,1,-1,-1,1
1123,85,-1,1,-1,-1,13
1124,24,-1,0,-1,-1,4
1125,93,-1,0,-1,-1,12
1126,59,-1,1,-1,-1,11
1127,49,-1,1,-1,-1,8
1128,38,-1,0,-1,-1,5
1129,141,-1,0,-1,-1,22
1130,27,-1,0,-1,-1,4
1131,53,-1,0,-1,-1,4
1132,22,-1,0,-1,-1,2
1133,116,-1,1,-1,-1,22
1134,50,-1,1,-1,-1,10
1135,20,-1,0,-1,-1,3
1136,122,-1,0,-1,-1,16
1137,19,-1,0,-1,-1,2
1138,15,-1,0,-1,-1,2
1139,37,-1,1,-1,-1,7
1140,46,-1,1,-1,-1,9
1141,72,-1,0,-1,-1,13
1142,42,-1,0,-1,-1,5
1143,76,-1,0,-1,-1,14
1144,86,-1,0,-1,-1,12
1145,68,-1,1,-1,-1,15
1146,39,,1,['utf-8'],openresty,9
1147,44,-1,0,-1,-1,7
1148,49,-1,0,-1,-1,7
1149,119,,0,['utf-8'],ATS,21
1150,76,,1,['utf-8'],Apache/2,15
1151,153,-1,1,-1,-1,28
1152,20,-1,0,-1,-1,2
1153,11,-1,1,-1,-1,1
1154,32,-1,0,-1,-1,4
1155,47,-1,0,-1,-1,6
1156,51,-1,0,-1,-1,7
1157,35,-1,0,-1,-1,5
1158,36,-1,0,-1,-1,4
1159,51,-1,1,-1,-1,12
1160,47,-1,0,-1,-1,5
1161,26,-1,0,-1,-1,4
1162,116,158273,0,['utf-8'],,21
1163,88,,0,['utf-8'],Apache,27
1164,66,-1,0,-1,-1,11
1165,31,-1,0,-1,-1,4
1166,63,-1,0,-1,-1,8
1167,38,-1,0,-1,-1,5
1168,36,-1,0,-1,-1,5
1169,17,-1,0,-1,-1,2
1170,44,-1,0,-1,-1,8
1171,63,-1,1,-1,-1,14
1172,65,-1,0,-1,-1,10
1173,83,-1,0,-1,-1,10
1174,188,-1,0,-1,-1,28
1175,31,-1,0,-1,-1,4
1176,40,-1,1,-1,-1,5
1177,86,-1,0,-1,-1,15
1178,21,-1,0,-1,-1,4
1179,103,-1,0,-1,-1,19
1180,33,-1,0,-1,-1,5
1181,43,-1,0,-1,-1,3
1182,60,-1,0,-1,-1,9
1183,31,-1,0,-1,-1,4
1184,85,-1,0,-1,-1,14
1185,67,-1,0,-1,-1,7
1186,34,-1,0,-1,-1,5
1187,84,-1,1,-1,-1,16
1188,51,-1,0,-1,-1,4
1189,148,2616,1,['utf-8'],Apache,15
1190,49,-1,0,-1,-1,7
1191,82,-1,1,-1,-1,20
1192,58,-1,0,-1,-1,10
1193,80,-1,0,-1,-1,12
1194,42,-1,0,-1,-1,5
1195,31,-1,0,-1,-1,5
1196,39,-1,0,-1,-1,7
1197,99,,0,['utf-8'],nginx,20
1198,40,-1,1,-1,-1,7
1199,81,1101,1,-1,-1,27
1200,52,-1,0,-1,-1,4
1201,61,-1,0,-1,-1,10
1202,33,-1,1,-1,-1,7
1203,32,-1,0,-1,-1,2
1204,136,-1,1,-1,-1,28
1205,38,-1,0,-1,-1,5
1206,226,-1,1,-1,-1,15
1207,45,-1,0,-1,-1,6
1208,69,-1,0,-1,-1,8
1209,21,-1,0,-1,-1,4
1210,38,-1,1,-1,-1,7
1211,120,-1,1,-1,-1,21
1212,25,-1,0,-1,-1,3
1213,27,-1,0,-1,-1,5
1214,30,-1,0,-1,-1,4
1215,13,-1,0,-1,-1,2
1216,16,-1,0,-1,-1,2
1217,55,-1,0,-1,-1,9
1218,76,16361,1,[None],o2switch-PowerBoost-v3,14
1219,116,-1,0,-1,-1,18
1220,23,-1,0,-1,-1,2
1221,70,-1,1,-1,-1,11
1222,51,-1,0,-1,-1,7
1223,38,-1,0,-1,-1,6
1224,44,-1,0,-1,-1,8
1225,35,-1,0,-1,-1,3
1226,22,-1,0,-1,-1,4
1227,90,1113,1,-1,-1,30
1228,30,-1,0,-1,-1,3
1229,108,-1,1,-1,-1,18
1230,80,-1,0,-1,-1,5
1231,28,-1,0,-1,-1,4
1239,43,-1,0,-1,-1,5
1240,40,-1,0,-1,-1,5
1241,10,-1,0,-1,-1,2
1242,39,-1,1,-1,-1,9
1243,50,-1,0,-1,-1,6
1244,35,-1,0,-1,-1,5
1245,41,-1,0,-1,-1,4
1246,74,-1,0,-1,-1,10
1247,37,-1,0,-1,-1,7
1248,34,-1,0,-1,-1,5
1249,59,-1,0,-1,-1,6
1250,87,,0,['utf-8'],nginx,15
1251,117,-1,1,-1,-1,14
1252,48,,1,['utf-8'],Apache,9
1253,80,-1,0,-1,-1,9
1254,76,,1,['utf-8'],nginx,15
1255,45,-1,0,-1,-1,7
1256,98,-1,0,-1,-1,17
1257,49,-1,0,-1,-1,6
1258,31,-1,0,-1,-1,4
1259,108,62502,1,['utf-8'],nginx,20
1260,42,-1,0,-1,-1,5
1261,72,-1,0,-1,-1,11
1262,14,-1,0,-1,-1,2
1263,47,-1,0,-1,-1,7
1264,111,-1,0,-1,-1,16
1265,56,-1,1,-1,-1,10
1266,21,-1,0,-1,-1,3
1267,53,-1,0,-1,-1,9
1268,48,-1,0,-1,-1,8
1269,66,-1,0,-1,-1,8
1270,46,-1,0,-1,-1,6
1271,42,-1,0,-1,-1,5
1272,34,-1,0,-1,-1,3
1273,79,-1,1,-1,-1,15
1274,35,-1,0,-1,-1,6
1275,105,-1,0,-1,-1,16
1276,54,-1,0,-1,-1,10
1277,37,-1,0,-1,-1,5
1278,25,-1,0,-1,-1,2
1279,43,-1,0,-1,-1,5
1280,39,-1,0,-1,-1,5
1281,25,-1,0,-1,-1,4
1282,81,-1,0,-1,-1,12
1283,18,-1,0,-1,-1,2
1284,63,-1,0,-1,-1,8
1285,33,-1,0,-1,-1,5
1286,67,-1,1,-1,-1,13
1287,29,-1,0,-1,-1,3
1288,35,-1,0,-1,-1,4
1289,17,-1,0,-1,-1,3
1290,70,-1,1,-1,-1,9
1291,27,-1,0,-1,-1,2
1292,14,-1,1,-1,-1,1
1293,32,-1,0,-1,-1,4
1294,35,-1,0,-1,-1,5
1295,87,-1,1,-1,-1,16
1296,96,-1,0,-1,-1,15
1297,139,-1,1,-1,-1,16
1298,35,-1,0,-1,-1,5
1299,55,-1,0,-1,-1,9
1300,94,-1,0,-1,-1,21
1301,86,-1,1,-1,-1,17
1302,55,-1,0,-1,-1,9
1303,35,-1,1,-1,-1,3
1304,31,-1,0,-1,-1,3
1305,42,-1,0,-1,-1,6
1306,91,-1,0,-1,-1,15
1307,60,-1,1,-1,-1,10
1308,158,2102,0,['utf-8'],nginx,49
1309,67,-1,0,-1,-1,8
1310,62,-1,0,-1,-1,12
1311,26,-1,0,-1,-1,2
1312,26,-1,0,-1,-1,5
1313,24,-1,0,-1,-1,2
1314,138,-1,0,-1,-1,20
1315,78,-1,0,-1,-1,16
1316,12,-1,0,-1,-1,2
1317,224,,0,['utf-8'],tsa_b,54
1318,26,-1,0,-1,-1,4
1319,11,-1,0,-1,-1,2
1320,22,-1,1,-1,-1,1
1321,71,-1,1,-1,-1,11
1322,50,-1,0,-1,-1,9
1323,121,46190,1,['utf-8'],nginx/1.18.0,19
1324,34,-1,0,-1,-1,4
1325,44,1049,1,['utf-8'],,7
1326,16,-1,0,-1,-1,2
1327,40,-1,0,-1,-1,7
1328,16,-1,0,-1,-1,2
1329,33,-1,0,-1,-1,7
1330,88,1860689,0,['utf-8'],,15
1331,45,-1,0,-1,-1,5
1332,93,-1,1,-1,-1,14
1333,133,,0,['utf-8'],nginx/1.18.0,43
1334,97,-1,1,-1,-1,18
1335,32,-1,0,-1,-1,5
1336,89,-1,1,-1,-1,18
1337,33,,1,['utf-8'],nginx,8
1338,82,-1,0,-1,-1,13
1339,26,-1,0,-1,-1,4
1340,92,-1,1,-1,-1,11
1341,79,-1,1,-1,-1,16
1342,32,-1,0,-1,-1,5
1343,64,-1,0,-1,-1,8
1344,22,-1,0,-1,-1,4
1345,129,-1,1,-1,-1,27
1346,88,-1,0,-1,-1,20
1347,59,-1,1,-1,-1,12
1348,15,-1,0,-1,-1,2
1349,40,-1,1,-1,-1,4
1350,104,,1,['utf-8'],Apache,17
1351,65,-1,1,-1,-1,10
1352,56,-1,0,-1,-1,8
1353,62,-1,0,-1,-1,9
1354,18,-1,0,-1,-1,2
1355,18,-1,0,-1,-1,3
1356,31,-1,0,-1,-1,4
1357,47,-1,0,-1,-1,8
1358,43,-1,0,-1,-1,6
1359,129,-1,1,-1,-1,30
1360,15,-1,0,-1,-1,2
1361,77,-1,1,-1,-1,15
1362,62,-1,0,-1,-1,9
1363,52,-1,0,-1,-1,8
1364,54,-1,1,-1,-1,10
1365,89,22020,1,['utf-8'],Apache,16
1366,48,-1,0,-1,-1,4
1367,43,-1,0,-1,-1,6
1368,85,-1,0,-1,-1,11
1369,53,-1,0,-1,-1,7
1370,51,-1,0,-1,-1,6
1371,31,-1,0,-1,-1,4
1372,15,-1,1,-1,-1,1
1373,112,-1,0,-1,-1,17
1374,52,-1,0,-1,-1,5
1375,39,-1,0,-1,-1,5
1376,45,-1,1,-1,-1,11
1377,42,-1,0,-1,-1,5
1378,36,-1,0,-1,-1,5
1379,20,-1,0,-1,-1,2
1380,38,-1,0,-1,-1,7
1381,176,,1,['utf-8'],LiteSpeed,31
1382,47,-1,0,-1,-1,6
1383,61,-1,0,-1,-1,8
1384,42,-1,1,-1,-1,11
1385,32,-1,0,-1,-1,5
1386,31,-1,0,-1,-1,5
1387,25,-1,0,-1,-1,4
1388,29,-1,0,-1,-1,4
1389,76,,1,['utf-8'],Apache,16
1390,150,-1,1,-1,-1,25
1391,40,-1,0,-1,-1,5
1392,33,-1,0,-1,-1,4
1393,32,-1,0,-1,-1,3
1394,41,-1,0,-1,-1,5
1395,35,-1,0,-1,-1,6
1396,58,-1,0,-1,-1,6
1397,25,-1,0,-1,-1,3
1398,52,-1,0,-1,-1,7
1399,44,-1,0,-1,-1,6
1400,82,-1,1,-1,-1,17
1401,78,-1,1,-1,-1,14
1402,97,-1,1,-1,-1,18
1403,95,-1,0,-1,-1,18
1404,48,-1,1,-1,-1,10
1405,43,-1,0,-1,-1,4
1406,80,-1,0,-1,-1,10
1407,27,-1,0,-1,-1,2
1408,33,-1,1,-1,-1,4
1409,38,-1,0,-1,-1,7
1410,17,-1,0,-1,-1,2
1411,30,-1,0,-1,-1,3
1412,73,-1,0,-1,-1,10
1413,63,-1,1,-1,-1,14
1414,16,-1,0,-1,-1,2
1415,66,-1,0,-1,-1,10
1416,34,-1,0,-1,-1,3
1417,101,,1,[None],Apache,17
1418,59,-1,1,-1,-1,11
1419,94,-1,0,-1,-1,15
1420,50,-1,0,-1,-1,9
1421,38,-1,0,-1,-1,6
1422,55,-1,0,-1,-1,8
1423,240,-1,0,-1,-1,39
1424,66,-1,0,-1,-1,10
1425,84,-1,0,-1,-1,13
1426,72,-1,0,-1,-1,12
1427,134,-1,0,-1,-1,18
1428,67,-1,0,-1,-1,9
1429,22,-1,0,-1,-1,3
1430,48,-1,0,-1,-1,7
1431,40,-1,1,-1,-1,7
1432,61,-1,1,-1,-1,9
1433,41,-1,0,-1,-1,5
1434,15,-1,0,-1,-1,2
1435,77,-1,0,-1,-1,9
1436,85,-1,0,-1,-1,16
1437,22,-1,0,-1,-1,3
1438,87,-1,1,-1,-1,19
1439,163,-1,1,-1,-1,33
1440,84,-1,1,-1,-1,12
1441,39,-1,0,-1,-1,3
1442,28,-1,0,-1,-1,6
1443,87,,1,['utf-8'],nginx,18
1444,53,-1,0,-1,-1,7
1445,50,-1,0,-1,-1,6
1446,26,-1,0,-1,-1,3
1447,102,-1,1,-1,-1,20
1448,51,-1,0,-1,-1,7
1449,169,-1,0,-1,-1,26
1450,30,-1,0,-1,-1,4
1451,25,-1,0,-1,-1,3
1452,22,-1,0,-1,-1,2
1453,69,-1,1,-1,-1,11
1454,29,-1,0,-1,-1,3
1455,116,-1,0,-1,-1,22
1456,18,-1,1,-1,-1,1
1457,185,-1,1,-1,-1,17
1458,52,-1,0,-1,-1,7
1459,307,-1,0,-1,-1,33
1460,88,-1,1,-1,-1,16
1461,77,-1,0,-1,-1,14
1462,200,-1,0,-1,-1,24
1463,19,-1,0,-1,-1,3
1464,85,-1,0,-1,-1,11
1465,71,-1,0,-1,-1,13
1466,31,-1,0,-1,-1,4
1467,50,-1,0,-1,-1,7
1468,11,-1,1,-1,-1,1
1469,21,-1,0,-1,-1,4
1470,36,-1,0,-1,-1,5
1471,95,-1,1,-1,-1,15
1472,33,-1,1,-1,-1,7
1473,219,,1,['utf-8'],Apache,17
1474,96,,0,['utf-8'],nginx,17
1475,29,-1,0,-1,-1,3
1476,92,-1,0,-1,-1,17
1477,19,-1,0,-1,-1,3
1478,83,,1,['utf-8'],nginx/1.14.1,16
1479,84,-1,1,-1,-1,17
1480,124,-1,0,-1,-1,16
1481,59,-1,0,-1,-1,9
1482,46,-1,1,-1,-1,10
1483,98,,0,['utf-8'],cloudflare,17
1484,74,-1,1,-1,-1,12
1485,20,-1,0,-1,-1,2
1486,56,-1,0,-1,-1,8
1487,37,-1,0,-1,-1,4
1488,35,-1,0,-1,-1,5
1489,113,-1,0,-1,-1,21
1490,37,-1,0,-1,-1,4
1491,54,-1,0,-1,-1,8
1492,127,-1,1,-1,-1,25
1493,72,-1,0,-1,-1,9
1494,127,-1,1,-1,-1,18
1495,97,-1,0,-1,-1,20
1496,114,134732,0,['utf-8'],,21
1497,48,-1,0,-1,-1,8
1498,61,-1,0,-1,-1,8
1499,30,-1,0,-1,-1,4
1500,22,-1,0,-1,-1,2
1501,79,-1,0,-1,-1,13
1502,69,-1,0,-1,-1,11
1503,20,-1,0,-1,-1,2
1504,24,-1,0,-1,-1,3
1505,36,-1,0,-1,-1,4
1506,61,77515,1,['utf-8'],Apache,12
1507,59,-1,0,-1,-1,5
1508,66,-1,0,-1,-1,8
1509,64,-1,0,-1,-1,7
1510,50,-1,1,-1,-1,10
1511,19,-1,0,-1,-1,3
1512,74,-1,1,-1,-1,15
1513,31,-1,0,-1,-1,4
1514,124,-1,1,-1,-1,22
1515,100,-1,1,-1,-1,19
1516,12,-1,0,-1,-1,2
1517,45,-1,0,-1,-1,7
1518,35,-1,0,-1,-1,5
1519,27,-1,0,-1,-1,3
1520,50,-1,0,-1,-1,6
1521,64,-1,0,-1,-1,11
1522,20,-1,0,-1,-1,2
1523,29,-1,0,-1,-1,4
1524,84,-1,0,-1,-1,15
1525,130,-1,0,-1,-1,27
1526,93,,0,['utf-8'],nginx,19
1527,200,-1,1,-1,-1,19
1528,49,-1,1,-1,-1,6
1529,209,-1,0,-1,-1,69
1530,30,-1,0,-1,-1,4
1531,125,-1,1,-1,-1,21
1532,93,-1,1,-1,-1,17
1533,92,-1,1,-1,-1,21
1534,77,-1,1,-1,-1,15
1535,65,-1,0,-1,-1,11
1536,56,-1,0,-1,-1,7
1537,31,-1,0,-1,-1,3
1538,42,-1,0,-1,-1,4
1546,44,,1,['utf-8'],LiteSpeed,9
1547,76,,1,['utf-8'],nginx,8
1548,178,-1,0,-1,-1,27
1549,76,-1,0,-1,-1,12
1550,38,-1,0,-1,-1,4
1551,29,-1,1,-1,-1,6
1552,101,-1,0,-1,-1,17
1553,42,-1,0,-1,-1,5
1554,52,-1,0,-1,-1,7
1555,45,,1,['utf-8'],Apache/2,9
1556,80,-1,0,-1,-1,14
1557,31,-1,0,-1,-1,3
1558,39,-1,0,-1,-1,5
1559,88,149725,0,['utf-8'],,16
1560,132,-1,1,-1,-1,25
1561,25,-1,0,-1,-1,3
1562,31,-1,0,-1,-1,5
1563,34,-1,1,-1,-1,7
1564,32,-1,0,-1,-1,5
1565,63,-1,0,-1,-1,8
1566,78,-1,0,-1,-1,16
1567,32,-1,0,-1,-1,5
1568,33,-1,0,-1,-1,5
1569,16,-1,1,-1,-1,1
1570,46,-1,0,-1,-1,6
1571,71,-1,1,-1,-1,13
1572,32,-1,0,-1,-1,4
1573,20,-1,0,-1,-1,2
1574,89,,0,['utf-8'],nginx,17
1575,62,-1,0,-1,-1,10
1576,43,-1,0,-1,-1,5
1577,44,-1,1,-1,-1,3
1578,24,-1,0,-1,-1,4
1579,18,-1,0,-1,-1,3
1580,109,-1,1,-1,-1,20
1581,32,-1,0,-1,-1,5
1582,32,-1,0,-1,-1,6
1583,94,-1,0,-1,-1,12
1584,28,-1,0,-1,-1,5
1585,32,-1,1,-1,-1,2
1586,33,-1,0,-1,-1,3
1587,33,-1,0,-1,-1,5
1588,48,-1,0,-1,-1,7
1589,89,-1,1,-1,-1,17
1590,89,-1,1,-1,-1,16
1591,37,-1,0,-1,-1,5
1592,34,-1,0,-1,-1,4
1593,19,-1,1,-1,-1,2
1594,45,-1,0,-1,-1,5
1595,56,-1,0,-1,-1,8
1596,92,-1,0,-1,-1,18
1597,33,-1,0,-1,-1,3
1598,60,-1,1,-1,-1,11
1599,44,-1,1,-1,-1,8
1600,31,-1,0,-1,-1,3
1601,61,-1,0,-1,-1,8
1602,83,-1,0,-1,-1,10
1603,214,,1,['utf-8'],LiteSpeed,18
1604,48,-1,1,-1,-1,8
1605,44,-1,0,-1,-1,6
1606,76,-1,0,-1,-1,11
1607,50,-1,0,-1,-1,7
1608,11,-1,1,-1,-1,1
1609,42,-1,0,-1,-1,4
1610,20,-1,0,-1,-1,2
1611,49,-1,0,-1,-1,8
1612,64,-1,1,-1,-1,11
1613,83,-1,0,-1,-1,11
1614,44,-1,0,-1,-1,7
1615,105,-1,1,-1,-1,20
1616,29,-1,0,-1,-1,3
1617,35,-1,0,-1,-1,3
1618,18,-1,1,-1,-1,1
1619,73,-1,0,-1,-1,9
1620,37,-1,0,-1,-1,6
1621,15,-1,1,-1,-1,2
1622,73,-1,0,-1,-1,10
1623,108,-1,0,-1,-1,14
1624,22,-1,0,-1,-1,4
1625,78,-1,0,-1,-1,11
1626,73,-1,1,-1,-1,14
1627,36,-1,0,-1,-1,4
1628,32,-1,0,-1,-1,3
1629,65,-1,1,-1,-1,11
1630,37,-1,0,-1,-1,7
1631,38,-1,0,-1,-1,3
1632,16,-1,0,-1,-1,2
1633,23,-1,0,-1,-1,2
1634,52,-1,0,-1,-1,6
1635,41,-1,0,-1,-1,6
1636,51,-1,0,-1,-1,7
1637,145,,1,['utf-8'],LiteSpeed,27
1638,155,-1,0,-1,-1,18
1639,51,-1,0,-1,-1,8
1640,58,53371,1,['utf-8'],AmazonS3,9
1641,52,-1,0,-1,-1,8
1642,65,-1,0,-1,-1,13
1643,60,-1,0,-1,-1,9
1644,31,-1,0,-1,-1,4
1645,15,-1,1,-1,-1,1
1646,64,-1,0,-1,-1,8
1647,10,-1,0,-1,-1,3
1648,38,-1,0,-1,-1,5
1649,37,-1,1,-1,-1,7
1650,31,-1,0,-1,-1,4
1651,60,-1,1,-1,-1,10
1652,27,-1,0,-1,-1,4
1653,20,-1,0,-1,-1,3
1654,36,-1,0,-1,-1,6
1655,108,,1,['utf-8'],nginx,20
1656,42,-1,0,-1,-1,5
1657,18,-1,0,-1,-1,2
1658,48,-1,0,-1,-1,4
1659,31,-1,0,-1,-1,4
1660,54,-1,1,-1,-1,11
1661,14,-1,0,-1,-1,2
1662,13,-1,1,-1,-1,1
1663,59,-1,0,-1,-1,8
1664,82,-1,1,-1,-1,17
1665,50,-1,0,-1,-1,8
1666,40,-1,0,-1,-1,6
1667,31,-1,0,-1,-1,4
1668,29,-1,0,-1,-1,5
1669,28,-1,0,-1,-1,4
1670,112,,0,['utf-8'],nginx,23
1671,24,-1,0,-1,-1,4
1672,42,-1,0,-1,-1,7
1673,158,-1,1,-1,-1,30
1674,33,-1,0,-1,-1,6
1675,97,-1,0,-1,-1,17
1676,25,-1,0,-1,-1,3
1677,40,-1,0,-1,-1,5
1678,53,-1,0,-1,-1,6
1679,35,-1,0,-1,-1,5
1680,25,-1,0,-1,-1,3
1681,76,,1,['utf-8'],Apache,15
1682,115,22020,1,['utf-8'],Apache,19
1683,45,-1,0,-1,-1,5
1684,37,-1,1,-1,-1,8
1685,74,-1,1,-1,-1,11
1686,121,156196,0,['utf-8'],,19
1687,15,-1,1,-1,-1,2
1688,24,-1,0,-1,-1,2
1689,66,-1,0,-1,-1,9
1690,21,-1,1,-1,-1,1
1691,33,-1,0,-1,-1,4
1692,151,-1,0,-1,-1,26
1693,21,-1,0,-1,-1,3
1694,52,-1,0,-1,-1,7
1695,24,-1,0,-1,-1,3
1696,34,-1,0,-1,-1,5
1697,83,-1,0,-1,-1,14
1698,24,-1,0,-1,-1,3
1699,24,-1,0,-1,-1,2
1700,72,-1,1,-1,-1,10
1701,48,-1,0,-1,-1,5
1702,51,-1,0,-1,-1,2
1703,62,-1,0,-1,-1,8
1704,14,-1,1,-1,-1,1
1705,24,-1,0,-1,-1,5
1706,41,-1,0,-1,-1,4
1707,50,-1,0,-1,-1,6
1708,107,-1,0,-1,-1,25
1709,46,-1,0,-1,-1,6
1710,51,-1,0,-1,-1,5
1711,42,-1,0,-1,-1,4
1712,54,-1,1,-1,-1,13
1713,56,-1,1,-1,-1,8
1714,51,-1,0,-1,-1,6
1715,37,-1,0,-1,-1,5
1716,49,-1,0,-1,-1,7
1717,74,-1,0,-1,-1,9
1718,50,-1,0,-1,-1,8
1719,46,-1,0,-1,-1,7
1720,47,-1,0,-1,-1,6
1721,117,1029,1,['utf-8'],nginx,20
1722,32,-1,0,-1,-1,4
1723,24,-1,0,-1,-1,2
1724,26,-1,1,-1,-1,2
1725,44,-1,0,-1,-1,5
1726,55,,1,['utf-8'],Apache,8
1727,32,-1,0,-1,-1,5
1728,38,-1,0,-1,-1,6
1729,83,-1,1,-1,-1,17
1730,19,-1,1,-1,-1,1
1731,69,-1,0,-1,-1,11
1732,21,-1,0,-1,-1,2
1733,31,-1,0,-1,-1,3
1734,51,-1,0,-1,-1,7
1735,107,-1,1,-1,-1,19
1736,108,,1,['utf-8'],nginx,21
1737,65,-1,0,-1,-1,8
1738,20,-1,0,-1,-1,2
1739,72,-1,1,-1,-1,24
1740,19,-1,0,-1,-1,2
1741,57,-1,0,-1,-1,9
1742,111,-1,1,-1,-1,19
1743,98,-1,1,-1,-1,16
1744,30,-1,0,-1,-1,3
1745,31,-1,0,-1,-1,4
1746,93,-1,0,-1,-1,20
1747,71,-1,1,-1,-1,16
1748,41,-1,0,-1,-1,5
1749,20,-1,0,-1,-1,2
1750,139,-1,1,-1,-1,24
1751,33,-1,0,-1,-1,4
1752,27,-1,0,-1,-1,3
1753,120,-1,0,-1,-1,18
1754,55,-1,0,-1,-1,7
1755,15,-1,1,-1,-1,2
1756,121,-1,0,-1,-1,13
1757,83,-1,0,-1,-1,11
1758,48,-1,1,-1,-1,11
1759,170,4542,1,[None],nginx,45
1760,73,-1,1,-1,-1,15
1761,46,-1,0,-1,-1,6
1762,87,-1,0,-1,-1,12
1763,124,67717,1,['utf-8'],nginx,22
1764,19,-1,1,-1,-1,1
1765,46,-1,0,-1,-1,6
1766,55,-1,0,-1,-1,10
1767,19,-1,0,-1,-1,2
1768,28,-1,0,-1,-1,2
1769,31,-1,0,-1,-1,5
1770,55,-1,1,-1,-1,8
1771,96,37760,0,['utf-8'],Apache/2.4.52 (Ubuntu),16
1772,140,-1,1,-1,-1,25
1773,86,-1,1,-1,-1,16
1774,52,-1,0,-1,-1,5
1775,31,-1,0,-1,-1,4
1776,37,-1,0,-1,-1,5
1777,19,-1,0,-1,-1,2
1778,31,-1,0,-1,-1,5
1779,12,-1,1,-1,-1,1
1780,70,-1,1,-1,-1,13
1781,28,-1,0,-1,-1,3
1782,108,-1,1,-1,,36
1783,51,-1,0,-1,-1,9
1784,12,-1,0,-1,-1,3
1785,44,-1,0,-1,-1,8
1786,97,-1,0,-1,-1,17
1787,32,-1,0,-1,-1,4
1788,54,-1,0,-1,-1,5
1789,50,-1,0,-1,-1,8
1790,23,-1,0,-1,-1,4
1791,12,-1,0,-1,-1,2
1792,88,-1,0,-1,-1,11
1793,38,-1,0,-1,-1,5
1794,49,-1,0,-1,-1,6
1795,202,-1,1,-1,-1,20
1796,21,-1,0,-1,-1,4
1797,102,-1,1,-1,-1,19
1798,14,-1,1,-1,-1,1
1799,59,-1,1,-1,-1,11
1800,77,-1,1,-1,-1,13
1801,82,-1,1,-1,-1,15
1802,20,-1,1,-1,-1,2
1803,56,-1,0,-1,-1,9
1804,39,-1,0,-1,-1,4
1805,42,-1,0,-1,-1,5
1806,57,-1,1,-1,-1,9
1807,80,-1,0,-1,-1,10
1808,59,-1,0,-1,-1,8
1809,77,-1,0,-1,-1,12
1810,113,-1,0,-1,-1,16
1811,43,-1,0,-1,-1,4
1812,92,-1,1,-1,-1,17
1813,106,-1,0,-1,-1,17
1814,36,-1,0,-1,-1,8
1815,35,-1,0,-1,-1,3
1816,111,-1,1,-1,-1,20
1817,103,,1,['utf-8'],nginx,16
1818,90,-1,0,-1,-1,11
1819,50,-1,0,-1,-1,7
1820,15,-1,0,-1,-1,2
1821,35,-1,0,-1,-1,5
1822,67,428,1,['utf-8'],,13
1823,65,-1,0,-1,-1,7
1824,117,212986,0,['utf-8'],,23
1825,32,-1,0,-1,-1,4
1826,26,-1,1,-1,-1,2
1827,38,-1,0,-1,-1,5
1828,29,-1,0,-1,-1,2
1829,188,-1,1,-1,-1,16
1830,52,-1,0,-1,-1,7
1831,44,-1,0,-1,-1,5
1832,87,-1,0,-1,-1,14
1833,92,,1,['utf-8'],nginx,14
1834,51,-1,0,-1,-1,6
1835,137,-1,0,-1,-1,23
1836,27,-1,0,-1,-1,3
1837,173,-1,1,-1,-1,27
1838,59,-1,0,-1,-1,9
1839,39,-1,0,-1,-1,7
1840,42,-1,1,-1,-1,7
1841,54,-1,1,-1,-1,11
1842,44,-1,0,-1,-1,4
1843,42,-1,0,-1,-1,5
1844,139,-1,0,-1,-1,24
1845,61,-1,0,-1,-1,8
